{
  "formatVersion": 1,
  "database": {
    "version": 3,
    "identityHash": "b52c1f25e2052865818be5151b6ac6a0",
    "entities": [
      {
        "tableName": "subs_item",
        "createSql": "CREATE TABLE IF NOT EXISTS `${TABLE_NAME}` (`id` INTEGER NOT NULL, `ctime` INTEGER NOT NULL, `mtime` INTEGER NOT NULL, `enable` INTEGER NOT NULL, `enable_update` INTEGER NOT NULL, `order` INTEGER NOT NULL, `update_url` TEXT, PRIMARY KEY(`id`))",
        "fields": [
          {
            "fieldPath": "id",
            "columnName": "id",
            "affinity": "INTEGER",
            "notNull": true
          },
          {
            "fieldPath": "ctime",
            "columnName": "ctime",
            "affinity": "INTEGER",
            "notNull": true
          },
          {
            "fieldPath": "mtime",
            "columnName": "mtime",
            "affinity": "INTEGER",
            "notNull": true
          },
          {
            "fieldPath": "enable",
            "columnName": "enable",
            "affinity": "INTEGER",
            "notNull": true
          },
          {
            "fieldPath": "enableUpdate",
            "columnName": "enable_update",
            "affinity": "INTEGER",
            "notNull": true
          },
          {
            "fieldPath": "order",
            "columnName": "order",
            "affinity": "INTEGER",
            "notNull": true
          },
          {
            "fieldPath": "updateUrl",
            "columnName": "update_url",
            "affinity": "TEXT",
            "notNull": false
          }
        ],
        "primaryKey": {
          "autoGenerate": false,
          "columnNames": [
            "id"
          ]
        },
        "indices": [],
        "foreignKeys": []
      },
      {
        "tableName": "snapshot",
        "createSql": "CREATE TABLE IF NOT EXISTS `${TABLE_NAME}` (`id` INTEGER NOT NULL, `app_id` TEXT, `activity_id` TEXT, `app_name` TEXT, `app_version_code` INTEGER, `app_version_name` TEXT, `screen_height` INTEGER NOT NULL, `screen_width` INTEGER NOT NULL, `is_landscape` INTEGER NOT NULL, `github_asset_id` INTEGER, PRIMARY KEY(`id`))",
        "fields": [
          {
            "fieldPath": "id",
            "columnName": "id",
            "affinity": "INTEGER",
            "notNull": true
          },
          {
            "fieldPath": "appId",
            "columnName": "app_id",
            "affinity": "TEXT",
            "notNull": false
          },
          {
            "fieldPath": "activityId",
            "columnName": "activity_id",
            "affinity": "TEXT",
            "notNull": false
          },
          {
            "fieldPath": "appName",
            "columnName": "app_name",
            "affinity": "TEXT",
            "notNull": false
          },
          {
            "fieldPath": "appVersionCode",
            "columnName": "app_version_code",
            "affinity": "INTEGER",
            "notNull": false
          },
          {
            "fieldPath": "appVersionName",
            "columnName": "app_version_name",
            "affinity": "TEXT",
            "notNull": false
          },
          {
            "fieldPath": "screenHeight",
            "columnName": "screen_height",
            "affinity": "INTEGER",
            "notNull": true
          },
          {
            "fieldPath": "screenWidth",
            "columnName": "screen_width",
            "affinity": "INTEGER",
            "notNull": true
          },
          {
            "fieldPath": "isLandscape",
            "columnName": "is_landscape",
            "affinity": "INTEGER",
            "notNull": true
          },
          {
            "fieldPath": "githubAssetId",
            "columnName": "github_asset_id",
            "affinity": "INTEGER",
            "notNull": false
          }
        ],
        "primaryKey": {
          "autoGenerate": false,
          "columnNames": [
            "id"
          ]
        },
        "indices": [],
        "foreignKeys": []
      },
      {
        "tableName": "subs_config",
        "createSql": "CREATE TABLE IF NOT EXISTS `${TABLE_NAME}` (`id` INTEGER NOT NULL, `type` INTEGER NOT NULL, `enable` INTEGER NOT NULL, `subs_item_id` INTEGER NOT NULL, `app_id` TEXT NOT NULL, `group_key` INTEGER NOT NULL, PRIMARY KEY(`id`))",
        "fields": [
          {
            "fieldPath": "id",
            "columnName": "id",
            "affinity": "INTEGER",
            "notNull": true
          },
          {
            "fieldPath": "type",
            "columnName": "type",
            "affinity": "INTEGER",
            "notNull": true
          },
          {
            "fieldPath": "enable",
            "columnName": "enable",
            "affinity": "INTEGER",
            "notNull": true
          },
          {
            "fieldPath": "subsItemId",
            "columnName": "subs_item_id",
            "affinity": "INTEGER",
            "notNull": true
          },
          {
            "fieldPath": "appId",
            "columnName": "app_id",
            "affinity": "TEXT",
            "notNull": true
          },
          {
            "fieldPath": "groupKey",
            "columnName": "group_key",
            "affinity": "INTEGER",
            "notNull": true
          }
        ],
        "primaryKey": {
          "autoGenerate": false,
          "columnNames": [
            "id"
          ]
        },
        "indices": [],
        "foreignKeys": []
      },
      {
        "tableName": "click_log",
        "createSql": "CREATE TABLE IF NOT EXISTS `${TABLE_NAME}` (`id` INTEGER NOT NULL, `app_id` TEXT, `activity_id` TEXT, `subs_id` INTEGER NOT NULL, `group_key` INTEGER NOT NULL, `rule_index` INTEGER NOT NULL, `rule_key` INTEGER, PRIMARY KEY(`id`))",
        "fields": [
          {
            "fieldPath": "id",
            "columnName": "id",
            "affinity": "INTEGER",
            "notNull": true
          },
          {
            "fieldPath": "appId",
            "columnName": "app_id",
            "affinity": "TEXT",
            "notNull": false
          },
          {
            "fieldPath": "activityId",
            "columnName": "activity_id",
            "affinity": "TEXT",
            "notNull": false
          },
          {
            "fieldPath": "subsId",
            "columnName": "subs_id",
            "affinity": "INTEGER",
            "notNull": true
          },
          {
            "fieldPath": "groupKey",
            "columnName": "group_key",
            "affinity": "INTEGER",
            "notNull": true
          },
          {
            "fieldPath": "ruleIndex",
            "columnName": "rule_index",
            "affinity": "INTEGER",
            "notNull": true
          },
          {
            "fieldPath": "ruleKey",
            "columnName": "rule_key",
            "affinity": "INTEGER",
            "notNull": false
          }
        ],
        "primaryKey": {
          "autoGenerate": false,
          "columnNames": [
            "id"
          ]
        },
        "indices": [],
        "foreignKeys": []
      },
      {
        "tableName": "category_config",
        "createSql": "CREATE TABLE IF NOT EXISTS `${TABLE_NAME}` (`id` INTEGER NOT NULL, `enable` INTEGER, `subs_item_id` INTEGER NOT NULL, `category_key` INTEGER NOT NULL, PRIMARY KEY(`id`))",
        "fields": [
          {
            "fieldPath": "id",
            "columnName": "id",
            "affinity": "INTEGER",
            "notNull": true
          },
          {
            "fieldPath": "enable",
            "columnName": "enable",
            "affinity": "INTEGER",
            "notNull": false
          },
          {
            "fieldPath": "subsItemId",
            "columnName": "subs_item_id",
            "affinity": "INTEGER",
            "notNull": true
          },
          {
            "fieldPath": "categoryKey",
            "columnName": "category_key",
            "affinity": "INTEGER",
            "notNull": true
          }
        ],
        "primaryKey": {
          "autoGenerate": false,
          "columnNames": [
            "id"
          ]
        },
        "indices": [],
        "foreignKeys": []
      }
    ],
    "views": [],
    "setupQueries": [
      "CREATE TABLE IF NOT EXISTS room_master_table (id INTEGER PRIMARY KEY,identity_hash TEXT)",
      "INSERT OR REPLACE INTO room_master_table (id,identity_hash) VALUES(42, 'b52c1f25e2052865818be5151b6ac6a0')"
    ]
  }
}